date,prod_1,prod_2,prod_3,prod_4,prod_5,prod_6,prod_7,prod_8,prod_9
2026-02-10,0.0,7.0,0.0,0.0,0.0,0.0,0.0,0.0,0.0
2026-02-11,0.0,0.0,5.0,0.0,0.0,0.0,0.0,1.0,0.0
2026-02-12,4.0,0.0,0.0,0.0,0.0,0.0,0.0,0.0,0.0
2026-02-13,0.0,0.0,0.0,0.0,0.0,0.0,0.0,0.0,0.0
2026-02-14,0.0,9.0,0.0,0.0,1.0,0.0,0.0,0.0,0.0
2026-02-15,0.0,0.0,0.0,0.0,0.0,0.0,0.0,0.0,0.0
2026-02-16,0.0,0.0,0.0,0.0,0.0,0.0,0.0,0.0,0.0
2026-02-17,3.0,0.0,0.0,0.0,0.0,4.0,0.0,0.0,5.0
2026-02-18,0.0,8.0,3.0,0.0,0.0,0.0,0.0,0.0,0.0
2026-02-19,0.0,0.0,0.0,0.0,0.0,0.0,0.0,0.0,0.0
2026-02-20,0.0,0.0,0.0,0.0,0.0,0.0,0.0,0.0,0.0
2026-02-21,5.0,0.0,0.0,0.0,0.0,0.0,5.0,0.0,0.0
2026-02-22,0.0,10.0,0.0,0.0,0.0,0.0,0.0,0.0,0.0
2026-02-23,0.0,0.0,0.0,0.0,0.0,0.0,0.0,0.0,0.0
2026-02-24,0.0,0.0,0.0,0.0,0.0,3.0,0.0,0.0,8.0
2026-02-25,4.0,0.0,6.0,0.0,0.0,0.0,0.0,0.0,0.0
2026-02-26,0.0,7.0,0.0,0.0,0.0,0.0,0.0,0.0,0.0
2026-02-27,0.0,0.0,0.0,0.0,0.0,0.0,0.0,2.0,0.0
2026-02-28,0.0,0.0,0.0,0.0,0.0,0.0,4.0,0.0,0.0
2026-03-01,3.0,0.0,0.0,0.0,2.0,0.0,0.0,0.0,6.0
2026-03-02,0.0,8.0,0.0,0.0,0.0,0.0,0.0,0.0,0.0
2026-03-03,0.0,0.0,0.0,0.0,0.0,5.0,0.0,0.0,0.0
2026-03-04,4.0,0.0,4.0,0.0,0.0,0.0,0.0,0.0,0.0
2026-03-05,0.0,9.0,0.0,2.0,0.0,0.0,6.0,0.0,7.0
2026-03-06,3.0,0.0,0.0,3.0,0.0,0.0,0.0,0.0,0.0
2026-03-07,0.0,7.0,0.0,0.0,0.0,3.0,0.0,0.0,0.0
2026-03-08,5.0,0.0,0.0,4.0,0.0,0.0,4.0,0.0,5.0
2026-03-09,3.0,6.0,5.0,2.0,0.0,0.0,0.0,0.0,0.0
2026-03-10,4.0,8.0,0.0,3.0,0.0,4.0,5.0,0.0,6.0
